{"0.2823213289615867":{"userId":5},"0.8463991991955426":{"userId":5},"0.33309498345635524":{"userId":5}}